{
  "format_version": "0.1",
  "animation_length": 0.5,
  "bones": {
    "handle": {
      "position": {},
      "rotation": {
        "0.0": [
          -34.99999983559887,
          -2.0524685272158052e-15,
          -0.0
        ],
        "0.3333333333333333": [
          34.99999983559887,
          -2.0524685272158052e-15,
          -0.0
        ],
        "0.4166666666666667": [
          31.999999752116263,
          -2.0524685272158052e-15,
          -0.0
        ],
        "0.5": [
          34.99999983559887,
          0,
          0
        ]
      },
      "scale": {}
    }
  }
}