{
  "format_version": "0.2",
  "animation_length": 0.5,
  "bones": {
    "door": {
      "position": {},
      "rotation": {
        "0.0": [
          -1.5707963705062866,
          -0.0,
          0.0
        ],
        "0.08333333333333333": [
          -1.6929693222045898,
          -0.0,
          0.0
        ],
        "0.16666666666666666": [
          -1.5707963705062866,
          -0.0,
          0.0
        ],
        "0.3333333333333333": [
          0.0,
          -0.0,
          0.0
        ],
        "0.4166666666666667": [
          0.12217304855585098,
          -0.0,
          0.0
        ],
        "0.5": [
          0.0,
          -0.0,
          0.0
        ]
      },
      "scale": {}
    }
  }
}