{
  "format_version": "0.2",
  "animation_length": 0.5,
  "bones": {
    "door": {
      "position": {},
      "rotation": {
        "0.0": [
          0.7071067690849304,
          0.7071067690849304,
          0.0,
          0.0
        ],
        "0.08333333333333333": [
          0.6626201272010803,
          0.7489557266235352,
          0.0,
          0.0
        ],
        "0.16666666666666666": [
          0.7071067690849304,
          0.7071067690849304,
          0.0,
          0.0
        ],
        "0.3333333333333333": [
          1.0,
          0.0,
          0.0,
          0.0
        ],
        "0.4166666666666667": [
          0.9981347918510437,
          -0.06104854494333267,
          0.0,
          0.0
        ],
        "0.5": [
          1.0,
          0.0,
          0.0,
          0.0
        ]
      },
      "scale": {}
    }
  }
}