{
  "format_version": "0.2",
  "animation_length": 0.5833333333333334,
  "bones": {
    "lid": {
      "position": {},
      "rotation": {
        "0.0": [
          -1.5707963705062866,
          0.0,
          0.0
        ],
        "0.016666666666666666": [
          -1.5641835927963257,
          -0.0,
          0.0
        ],
        "0.03333333333333333": [
          -1.5460182428359985,
          -0.0,
          0.0
        ],
        "0.05": [
          -1.5182037353515625,
          -0.0,
          0.0
        ],
        "0.06666666666666667": [
          -1.4820832014083862,
          -0.0,
          0.0
        ],
        "0.08333333333333333": [
          -1.4386305809020996,
          -0.0,
          0.0
        ],
        "0.1": [
          -1.388563871383667,
          -0.0,
          0.0
        ],
        "0.11666666666666667": [
          -1.3324111700057983,
          -0.0,
          0.0
        ],
        "0.13333333333333333": [
          -1.2705531120300293,
          -0.0,
          0.0
        ],
        "0.15": [
          -1.2032480239868164,
          -0.0,
          0.0
        ],
        "0.16666666666666666": [
          -1.1306452751159668,
          -0.0,
          0.0
        ],
        "0.18333333333333332": [
          -1.052788496017456,
          -0.0,
          0.0
        ],
        "0.2": [
          -0.969610869884491,
          -0.0,
          0.0
        ],
        "0.21666666666666667": [
          -0.8809148073196411,
          -0.0,
          0.0
        ],
        "0.23333333333333334": [
          -0.7863357663154602,
          -0.0,
          0.0
        ],
        "0.25": [
          -0.685274600982666,
          -0.0,
          0.0
        ],
        "0.26666666666666666": [
          -0.5767654180526733,
          -0.0,
          0.0
        ],
        "0.2833333333333333": [
          -0.45920997858047485,
          -0.0,
          0.0
        ],
        "0.3": [
          -0.3297514319419861,
          -0.0,
          0.0
        ],
        "0.31666666666666665": [
          -0.18244610726833344,
          -0.0,
          0.0
        ],
        "0.3333333333333333": [
          0.0,
          -0.0,
          0.0
        ],
        "0.35": [
          -0.03991471230983734,
          -0.0,
          0.0
        ],
        "0.36666666666666664": [
          -0.06773481518030167,
          -0.0,
          0.0
        ],
        "0.38333333333333336": [
          -0.0871632918715477,
          -0.0,
          0.0
        ],
        "0.4": [
          -0.09983640909194946,
          -0.0,
          0.0
        ],
        "0.4166666666666667": [
          -0.10643742233514786,
          -0.0,
          0.0
        ],
        "0.43333333333333335": [
          -0.10701040923595428,
          -0.0,
          0.0
        ],
        "0.45": [
          -0.10093647986650467,
          -0.0,
          0.0
        ],
        "0.4666666666666667": [
          -0.0865122601389885,
          -0.0,
          0.0
        ],
        "0.48333333333333334": [
          -0.059268768876791,
          -0.0,
          0.0
        ],
        "0.5": [
          0.0,
          -0.0,
          0.0
        ],
        "0.5166666666666667": [
          0.0,
          -0.0,
          0.0
        ],
        "0.5333333333333333": [
          0.0,
          -0.0,
          0.0
        ],
        "0.55": [
          0.0,
          -0.0,
          0.0
        ],
        "0.5666666666666667": [
          0.0,
          -0.0,
          0.0
        ],
        "0.5833333333333334": [
          0.0,
          -0.0,
          0.0
        ]
      },
      "scale": {}
    },
    "lock": {
      "position": {},
      "rotation": {
        "0.0": [
          0.0,
          -0.0,
          0.0
        ],
        "0.016666666666666666": [
          -0.001898045651614666,
          -0.0,
          0.0
        ],
        "0.03333333333333333": [
          -0.007330383639782667,
          -0.0,
          0.0
        ],
        "0.05": [
          -0.015904314815998077,
          -0.0,
          0.0
        ],
        "0.06666666666666667": [
          -0.027227140963077545,
          -0.0,
          0.0
        ],
        "0.08333333333333333": [
          -0.040906161069869995,
          -0.0,
          0.0
        ],
        "0.1": [
          -0.056548673659563065,
          -0.0,
          0.0
        ],
        "0.11666666666666667": [
          -0.07376197725534439,
          -0.0,
          0.0
        ],
        "0.13333333333333333": [
          -0.09215337038040161,
          -0.0,
          0.0
        ],
        "0.15": [
          -0.11133016645908356,
          -0.0,
          0.0
        ],
        "0.16666666666666666": [
          -0.13089966773986816,
          -0.0,
          0.0
        ],
        "0.18333333333333332": [
          -0.15046916902065277,
          -0.0,
          0.0
        ],
        "0.2": [
          -0.1696459800004959,
          -0.0,
          0.0
        ],
        "0.21666666666666667": [
          -0.18803739547729492,
          -0.0,
          0.0
        ],
        "0.23333333333333334": [
          -0.20525072515010834,
          -0.0,
          0.0
        ],
        "0.25": [
          -0.2208932489156723,
          -0.0,
          0.0
        ],
        "0.26666666666666666": [
          -0.23457227647304535,
          -0.0,
          0.0
        ],
        "0.2833333333333333": [
          -0.245895117521286,
          -0.0,
          0.0
        ],
        "0.3": [
          -0.25446903705596924,
          -0.0,
          0.0
        ],
        "0.31666666666666665": [
          -0.25990137457847595,
          -0.0,
          0.0
        ],
        "0.3333333333333333": [
          -0.2617993950843811,
          -2.1661961113750294e-09,
          0.0
        ],
        "0.35": [
          -0.17563366889953613,
          -2.1661961113750294e-09,
          0.0
        ],
        "0.36666666666666664": [
          0.0,
          -0.0,
          0.0
        ],
        "0.38333333333333336": [
          -0.03978477418422699,
          -0.0,
          0.0
        ],
        "0.4": [
          -0.07678839564323425,
          -0.0,
          0.0
        ],
        "0.4166666666666667": [
          -0.1101636290550232,
          -0.0,
          0.0
        ],
        "0.43333333333333335": [
          -0.13908064365386963,
          -0.0,
          0.0
        ],
        "0.45": [
          -0.1624346822500229,
          -0.0,
          0.0
        ],
        "0.4666666666666667": [
          -0.17857058346271515,
          -0.0,
          0.0
        ],
        "0.48333333333333334": [
          -0.18474440276622772,
          -0.0,
          0.0
        ],
        "0.5": [
          -0.17571806907653809,
          -0.0,
          0.0
        ],
        "0.5166666666666667": [
          -0.13856717944145203,
          -0.0,
          0.0
        ],
        "0.5333333333333333": [
          0.0,
          -0.0,
          0.0
        ],
        "0.55": [
          0.0,
          -0.0,
          0.0
        ],
        "0.5666666666666667": [
          0.0,
          -0.0,
          0.0
        ],
        "0.5833333333333334": [
          0.0,
          -0.0,
          0.0
        ]
      },
      "scale": {}
    }
  }
}