{
  "format_version": "0.2",
  "animation_length": 0.5833333333333334,
  "bones": {
    "lid": {
      "position": {},
      "rotation": {
        "0.0": [
          0.7071067690849304,
          -0.7071067690849304,
          -0.0,
          -0.0
        ],
        "0.016666666666666666": [
          0.7094408869743347,
          -0.7047649025917053,
          0.0,
          0.0
        ],
        "0.03333333333333333": [
          0.715812623500824,
          -0.6982924342155457,
          0.0,
          0.0
        ],
        "0.05": [
          0.7254545092582703,
          -0.6882701516151428,
          0.0,
          0.0
        ],
        "0.06666666666666667": [
          0.7377658486366272,
          -0.6750566959381104,
          0.0,
          0.0
        ],
        "0.08333333333333333": [
          0.7522570490837097,
          -0.658869743347168,
          0.0,
          0.0
        ],
        "0.1": [
          0.7685133218765259,
          -0.6398338079452515,
          0.0,
          0.0
        ],
        "0.11666666666666667": [
          0.7861723303794861,
          -0.6180073618888855,
          0.0,
          0.0
        ],
        "0.13333333333333333": [
          0.8049076199531555,
          -0.5934001207351685,
          0.0,
          0.0
        ],
        "0.15": [
          0.8244175314903259,
          -0.5659821629524231,
          0.0,
          0.0
        ],
        "0.16666666666666666": [
          0.8444158434867859,
          -0.5356882810592651,
          0.0,
          0.0
        ],
        "0.18333333333333332": [
          0.8646242618560791,
          -0.5024190545082092,
          0.0,
          0.0
        ],
        "0.2": [
          0.884765625,
          -0.46603623032569885,
          0.0,
          0.0
        ],
        "0.21666666666666667": [
          0.9045567512512207,
          -0.42635324597358704,
          0.0,
          0.0
        ],
        "0.23333333333333334": [
          0.9237000346183777,
          -0.3831164836883545,
          0.0,
          0.0
        ],
        "0.25": [
          0.9418718814849854,
          -0.33597227931022644,
          0.0,
          0.0
        ],
        "0.26666666666666666": [
          0.9587050676345825,
          -0.284402072429657,
          0.0,
          0.0
        ],
        "0.2833333333333333": [
          0.9737563729286194,
          -0.22759291529655457,
          0.0,
          0.0
        ],
        "0.3": [
          0.9864387512207031,
          -0.16412973403930664,
          0.0,
          0.0
        ],
        "0.31666666666666665": [
          0.9958420395851135,
          -0.09109658747911453,
          0.0,
          0.0
        ],
        "0.3333333333333333": [
          1.0,
          0.0,
          0.0,
          0.0
        ],
        "0.35": [
          0.9998008608818054,
          -0.019956031814217567,
          0.0,
          0.0
        ],
        "0.36666666666666664": [
          0.999426543712616,
          -0.033860933035612106,
          0.0,
          0.0
        ],
        "0.38333333333333336": [
          0.999050498008728,
          -0.043567854911088943,
          0.0,
          0.0
        ],
        "0.4": [
          0.9987543225288391,
          -0.04989748075604439,
          0.0,
          0.0
        ],
        "0.4166666666666667": [
          0.9985842108726501,
          -0.0531935952603817,
          0.0,
          0.0
        ],
        "0.43333333333333335": [
          0.9985689520835876,
          -0.05347967892885208,
          0.0,
          0.0
        ],
        "0.45": [
          0.9987267255783081,
          -0.05044682323932648,
          0.0,
          0.0
        ],
        "0.4666666666666667": [
          0.9990646243095398,
          -0.043242644518613815,
          0.0,
          0.0
        ],
        "0.48333333333333334": [
          0.9995608925819397,
          -0.02963004820048809,
          0.0,
          0.0
        ],
        "0.5": [
          1.0,
          0.0,
          0.0,
          0.0
        ],
        "0.5166666666666667": [
          1.0,
          0.0,
          0.0,
          0.0
        ],
        "0.5333333333333333": [
          1.0,
          0.0,
          0.0,
          0.0
        ],
        "0.55": [
          1.0,
          0.0,
          0.0,
          0.0
        ],
        "0.5666666666666667": [
          1.0,
          0.0,
          0.0,
          0.0
        ],
        "0.5833333333333334": [
          1.0,
          0.0,
          0.0,
          0.0
        ]
      },
      "scale": {}
    },
    "lock": {
      "position": {},
      "rotation": {
        "0.0": [
          1.0,
          0.0,
          0.0,
          0.0
        ],
        "0.016666666666666666": [
          0.9999995231628418,
          -0.0009490227093920112,
          0.0,
          0.0
        ],
        "0.03333333333333333": [
          0.9999933242797852,
          -0.0036651839036494493,
          0.0,
          0.0
        ],
        "0.05": [
          0.999968409538269,
          -0.007952074520289898,
          0.0,
          0.0
        ],
        "0.06666666666666667": [
          0.999907374382019,
          -0.013613149523735046,
          0.0,
          0.0
        ],
        "0.08333333333333333": [
          0.9997908473014832,
          -0.020451655611395836,
          0.0,
          0.0
        ],
        "0.1": [
          0.999600350856781,
          -0.028270572423934937,
          0.0,
          0.0
        ],
        "0.11666666666666667": [
          0.9993199706077576,
          -0.03687262535095215,
          0.0,
          0.0
        ],
        "0.13333333333333333": [
          0.9989387392997742,
          -0.046060383319854736,
          0.0,
          0.0
        ],
        "0.15": [
          0.9984511137008667,
          -0.055636338889598846,
          0.0,
          0.0
        ],
        "0.16666666666666666": [
          0.9978589415550232,
          -0.06540311872959137,
          0.0,
          0.0
        ],
        "0.18333333333333332": [
          0.9971712231636047,
          -0.07516363263130188,
          0.0,
          0.0
        ],
        "0.2": [
          0.996404767036438,
          -0.08472131192684174,
          0.0,
          0.0
        ],
        "0.21666666666666667": [
          0.9955834746360779,
          -0.09388025104999542,
          0.0,
          0.0
        ],
        "0.23333333333333334": [
          0.9947386384010315,
          -0.1024453192949295,
          0.0,
          0.0
        ],
        "0.25": [
          0.9939070343971252,
          -0.1102222204208374,
          0.0,
          0.0
        ],
        "0.26666666666666666": [
          0.9931298494338989,
          -0.11701743304729462,
          0.0,
          0.0
        ],
        "0.2833333333333333": [
          0.9924514889717102,
          -0.12263805419206619,
          0.0,
          0.0
        ],
        "0.3": [
          0.9919165968894958,
          -0.12689149379730225,
          0.0,
          0.0
        ],
        "0.31666666666666665": [
          0.9915683269500732,
          -0.12958523631095886,
          0.0,
          0.0
        ],
        "0.3333333333333333": [
          0.9914448857307434,
          -0.13052619993686676,
          -1.0738320233016907e-09,
          -1.4137267745351068e-10
        ],
        "0.35": [
          0.996146559715271,
          -0.08770401030778885,
          -1.0789245052933438e-09,
          -9.499204894902746e-11
        ],
        "0.36666666666666664": [
          1.0,
          0.0,
          0.0,
          0.0
        ],
        "0.38333333333333336": [
          0.9998021721839905,
          -0.019891075789928436,
          0.0,
          0.0
        ],
        "0.4": [
          0.9992629885673523,
          -0.03838476538658142,
          0.0,
          0.0
        ],