{
  "format_version": "0.2",
  "animation_length": 0.75,
  "bones": {
    "lid": {
      "position": {},
      "rotation": {
        "0.0": [
          1.0,
          0.0,
          0.0,
          0.0
        ],
        "0.016666666666666666": [
          0.9999974966049194,
          -0.0022368445061147213,
          0.0,
          0.0
        ],
        "0.03333333333333333": [
          0.9999634027481079,
          -0.008554477244615555,
          0.0,
          0.0
        ],
        "0.05": [
          0.999829888343811,
          -0.01844603754580021,
          0.0,
          0.0
        ],
        "0.06666666666666667": [
          0.999504029750824,
          -0.03149128705263138,
          0.0,
          0.0
        ],
        "0.08333333333333333": [
          0.998879075050354,
          -0.04733440279960632,
          0.0,
          0.0
        ],
        "0.1": [
          0.9978415369987488,
          -0.06566784530878067,
          0.0,
          0.0
        ],
        "0.11666666666666667": [
          0.9962761402130127,
          -0.08622043579816818,
          0.0,
          0.0
        ],
        "0.13333333333333333": [
          0.9940692782402039,
          -0.1087484210729599,
          0.0,
          0.0
        ],
        "0.15": [
          0.9911121726036072,
          -0.13302865624427795,
          0.0,
          0.0
        ],
        "0.16666666666666666": [
          0.9873021245002747,
          -0.1588534265756607,
          0.0,
          0.0
        ],
        "0.18333333333333332": [
          0.9825447797775269,
          -0.18602626025676727,
          0.0,
          0.0
        ],
        "0.2": [
          0.976754903793335,
          -0.21435901522636414,
          0.0,
          0.0
        ],
        "0.21666666666666667": [
          0.9698584079742432,
          -0.24366924166679382,
          0.0,
          0.0
        ],
        "0.23333333333333334": [
          0.9617927074432373,
          -0.2737787067890167,
          0.0,
          0.0
        ],
        "0.25": [
          0.9525086879730225,
          -0.3045113980770111,
          0.0,
          0.0
        ],
        "0.26666666666666666": [
          0.9419716000556946,
          -0.3356925845146179,
          0.0,
          0.0
        ],
        "0.2833333333333333": [
          0.930162787437439,
          -0.36714744567871094,
          0.0,
          0.0
        ],
        "0.3": [
          0.9170811772346497,
          -0.3987005054950714,
          0.0,
          0.0
        ],
        "0.31666666666666665": [
          0.9027458429336548,
          -0.4301742613315582,
          0.0,
          0.0
        ],
        "0.3333333333333333": [
          0.8871985673904419,
          -0.4613878130912781,
          0.0,
          0.0
        ],
        "0.35": [
          0.870507001876831,
          -0.4921559989452362,
          0.0,
          0.0
        ],
        "0.36666666666666664": [
          0.8527701497077942,
          -0.5222863554954529,
          0.0,
          0.0
        ],
        "0.38333333333333336": [
          0.8341246843338013,
          -0.5515759587287903,
          0.0,
          0.0
        ],
        "0.4": [
          0.8147552609443665,
          -0.5798050165176392,
          0.0,
          0.0
        ],
        "0.4166666666666667": [
          0.7949097156524658,
          -0.6067278385162354,
          0.0,
          0.0
        ],
        "0.43333333333333335": [
          0.7749236226081848,
          -0.63205486536026,
          0.0,
          0.0
        ],
        "0.45": [
          0.7552615404129028,
          -0.6554235816001892,
          0.0,
          0.0
        ],
        "0.4666666666666667": [
          0.7365943193435669,
          -0.6763348579406738,
          0.0,
          0.0
        ],
        "0.48333333333333334": [
          0.7199546694755554,
          -0.6940210461616516,
          0.0,
          0.0
        ],
        "0.5": [
          0.7071067690849304,
          -0.7071067690849304,
          -6.181723932741079e-08,
          -2.5121478909004595e-15
        ],
        "0.5166666666666667": [
          0.698336660861969,
          -0.7157694101333618,
          -6.181253553450006e-08,
          -7.620072350889018e-10
        ],
        "0.5333333333333333": [
          0.6919314861297607,
          -0.7219631671905518,
          -6.180329137350782e-08,
          -1.312728148405995e-09
        ],
        "0.55": [
          0.6876722574234009,
          -0.7260212898254395,
          -6.179450195986647e-08,
          -1.676290994900853e-09
        ],
        "0.5666666666666667": [
          0.6853147745132446,
          -0.7282469868659973,
          -6.178873945827945e-08,
          -1.8766235232448025e-09
        ],
        "0.5833333333333334": [
          0.6845977306365967,
          -0.7289210557937622,
          -6.178686362545704e-08,
          -1.9374353232848307e-09
        ],
        "0.6": [
          0.6852484941482544,
          -0.7283093333244324,
          -6.178856892802287e-08,
          -1.8822459146861092e-09
        ],
        "0.6166666666666667": [
          0.6869888305664062,
          -0.7266680002212524,
          -6.179289613328365e-08,
          -1.7344283786968617e-09
        ],
        "0.6333333333333333": [
          0.6895385980606079,
          -0.724249005317688,
          -6.179861600230652e-08,
          -1.5172426648391024e-09
        ],
        "0.65": [
          0.6926185488700867,
          -0.7213041186332703,
          -6.180451350701333e-08,
          -1.2538869942346764e-09
        ],
        "0.6666666666666666": [
          0.695953369140625,
          -0.7180869579315186,
          -6.180965783642023e-08,
          -9.67485203062779e-10
        ],
        "0.6833333333333333": [
          0.6992722749710083,
          -0.714855432510376,
          -6.181348055633862e-08,
          -6.811631259040496e-10
        ],
        "0.7": [
          0.7023085951805115,
          -0.7118726968765259,
          -6.181582534736663e-08,
          -4.180600032821502e-10
        ],
        "0.7166666666666667": [
          0.7047998309135437,
          -0.7094061970710754,
          -6.181690537232498e-08,
          -2.0135206002525052e-10
        ],
        "0.7333333333333333": [
          0.7064862251281738,
          -0.7077268362045288,
          -6.181721801112872e-08,
          -5.423242757651714e-11
        ],
        "0.75": [
          0.7071067690849304,
          -0.7071067690849304,
          -6.181723932741079e-08,
          -2.5121478909004595e-15
        ]
      },
      "scale": {}
    }
  }
}