{
  "format_version": "0.2",
  "animation_length": 0.75,
  "bones": {
    "lid": {
      "position": {},
      "rotation": {
        "0.0": [
          0.0,
          -0.0,
          0.0
        ],
        "0.016666666666666666": [
          -0.004473692737519741,
          -0.0,
          0.0
        ],
        "0.03333333333333333": [
          -0.017109163105487823,
          -0.0,
          0.0
        ],
        "0.05": [
          -0.03689417243003845,
          -0.0,
          0.0
        ],
        "0.06666666666666667": [
          -0.06299298256635666,
          -0.0,
          0.0
        ],
        "0.08333333333333333": [
          -0.09470418840646744,
          -0.0,
          0.0
        ],
        "0.1": [
          -0.1314302384853363,
          -0.0,
          0.0
        ],
        "0.11666666666666667": [
          -0.17265523970127106,
          -0.0,
          0.0
        ],
        "0.13333333333333333": [
          -0.21792784333229065,
          -0.0,
          0.0
        ],
        "0.15": [
          -0.2668483555316925,
          -0.0,
          0.0
        ],
        "0.16666666666666666": [
          -0.31905844807624817,
          -0.0,
          0.0
        ],
        "0.18333333333333332": [
          -0.3742325007915497,
          -0.0,
          0.0
        ],
        "0.2": [
          -0.4320710301399231,
          -0.0,
          0.0
        ],
        "0.21666666666666667": [
          -0.49229469895362854,
          -0.0,
          0.0
        ],
        "0.23333333333333334": [
          -0.5546392798423767,
          -0.0,
          0.0
        ],
        "0.25": [
          -0.6188508868217468,
          -0.0,
          0.0
        ],
        "0.26666666666666666": [
          -0.684680700302124,
          -0.0,
          0.0
        ],
        "0.2833333333333333": [
          -0.7518808841705322,
          -0.0,
          0.0
        ],
        "0.3": [
          -0.8201988935470581,
          -0.0,
          0.0
        ],
        "0.31666666666666665": [
          -0.8893715739250183,
          -0.0,
          0.0
        ],
        "0.3333333333333333": [
          -0.9591177105903625,
          -0.0,
          0.0
        ],
        "0.35": [
          -1.0291295051574707,
          -0.0,
          0.0
        ],
        "0.36666666666666664": [
          -1.0990597009658813,
          -0.0,
          0.0
        ],
        "0.38333333333333336": [
          -1.1685048341751099,
          -0.0,
          0.0
        ],
        "0.4": [
          -1.2369787693023682,
          -0.0,
          0.0
        ],
        "0.4166666666666667": [
          -1.3038750886917114,
          -0.0,
          0.0
        ],
        "0.43333333333333335": [
          -1.3684041500091553,
          -0.0,
          0.0
        ],
        "0.45": [
          -1.4294865131378174,
          -0.0,
          0.0
        ],
        "0.4666666666666667": [
          -1.4855507612228394,
          -0.0,
          0.0
        ],
        "0.48333333333333334": [
          -1.5341185331344604,
          -0.0,
          0.0
        ],
        "0.5": [
          -1.5707963705062866,
          -8.74227694680485e-08,
          8.74227694680485e-08
        ],
        "0.5166666666666667": [
          -1.595450520515442,
          -8.74227694680485e-08,
          8.74227694680485e-08
        ],
        "0.5333333333333333": [
          -1.6132707595825195,
          -8.74227694680485e-08,
          8.74227694680485e-08
        ],
        "0.55": [
          -1.6250367164611816,
          -8.74227694680485e-08,
          8.74227694680485e-08
        ],
        "0.5666666666666667": [
          -1.6315208673477173,
          -8.74227694680485e-08,
          8.74227694680485e-08
        ],
        "0.5833333333333334": [
          -1.6334892511367798,
          -8.74227694680485e-08,
          8.74227694680485e-08
        ],
        "0.6": [
          -1.6317028999328613,
          -8.74227694680485e-08,
          8.74227694680485e-08
        ],
        "0.6166666666666667": [
          -1.6269184350967407,
          -8.74227694680485e-08,
          8.74227694680485e-08
        ],
        "0.6333333333333333": [
          -1.619889259338379,
          -8.74227694680485e-08,
          8.74227694680485e-08
        ],
        "0.65": [
          -1.611366629600525,
          -8.74227694680485e-08,
          8.74227694680485e-08
        ],
        "0.6666666666666666": [
          -1.602099061012268,
          -8.74227694680485e-08,
          8.74227694680485e-08
        ],
        "0.6833333333333333": [
          -1.592834711074829,
          -8.74227694680485e-08,
          8.74227694680485e-08
        ],
        "0.7": [
          -1.584322214126587,
          -8.74227694680485e-08,
          8.74227694680485e-08
        ],
        "0.7166666666666667": [
          -1.5773108005523682,
          -8.74227694680485e-08,
          8.74227694680485e-08
        ],
        "0.7333333333333333": [
          -1.572550892829895,
          -8.74227694680485e-08,
          8.74227694680485e-08
        ],
        "0.75": [
          -1.5707963705062866,
          -8.74227694680485e-08,
          8.74227694680485e-08
        ]
      },
      "scale": {}
    }
  }
}