{
  "format_version": "0.2",
  "animation_length": 0.5833333333333334,
  "bones": {
    "right.door": {
      "position": {
        "0.0": [
          0.0,
          0.0,
          0.0
        ],
        "0.016666666666666666": [
          0.0,
          0.0,
          0.0
        ],
        "0.03333333333333333": [
          0.0,
          0.0,
          0.0
        ],
        "0.05": [
          0.0,
          0.0,
          0.0
        ],
        "0.06666666666666667": [
          0.0,
          0.0,
          0.0
        ],
        "0.08333333333333333": [
          0.0,
          0.0,
          0.0
        ],
        "0.1": [
          0.0,
          0.0,
          0.0
        ],
        "0.11666666666666667": [
          0.0,
          0.0,
          0.0
        ],
        "0.13333333333333333": [
          0.0,
          0.0,
          0.0
        ],
        "0.15": [
          0.0,
          0.0,
          0.0
        ],
        "0.16666666666666666": [
          0.0,
          0.0,
          0.0
        ],
        "0.18333333333333332": [
          0.0,
          0.0,
          0.0
        ],
        "0.2": [
          0.0,
          0.0,
          0.0
        ],
        "0.21666666666666667": [
          0.0,
          0.0,
          0.0
        ],
        "0.23333333333333334": [
          0.0,
          0.0,
          0.0
        ],
        "0.25": [
          0.0,
          0.0,
          0.0
        ],
        "0.26666666666666666": [
          0.0,
          0.0,
          0.0
        ],
        "0.2833333333333333": [
          0.0,
          0.0,
          0.0
        ],
        "0.3": [
          0.0,
          0.0,
          0.0
        ],
        "0.31666666666666665": [
          0.0,
          0.0,
          0.0
        ],
        "0.3333333333333333": [
          0.0,
          0.0,
          0.0
        ],
        "0.35": [
          0.0,
          0.0,
          0.0
        ],
        "0.36666666666666664": [
          0.0,
          0.0,
          0.0
        ],
        "0.38333333333333336": [
          0.0,
          0.0,
          0.0
        ],
        "0.4": [
          0.0,
          0.0,
          0.0
        ],
        "0.4166666666666667": [
          0.0,
          0.0,
          0.0
        ],
        "0.43333333333333335": [
          0.0,
          0.0,
          0.0
        ],
        "0.45": [
          0.0,
          0.0,
          0.0
        ],
        "0.4666666666666667": [
          0.0,
          0.0,
          0.0
        ],
        "0.48333333333333334": [
          0.0,
          0.0,
          0.0
        ],
        "0.5": [
          0.0,
          0.0,
          0.0
        ],
        "0.5166666666666667": [
          0.0,
          0.0,
          0.0
        ],
        "0.5333333333333333": [
          0.0,
          0.0,
          0.0
        ],
        "0.55": [
          0.0,
          0.0,
          0.0
        ],
        "0.5666666666666667": [
          0.0,
          0.0,
          0.0
        ],
        "0.5833333333333334": [
          0.0,
          0.0,
          0.0
        ]
      },
      "rotation": {
        "0.0": [
          -0.0,
          -1.570796251296997,
          0.0
        ],
        "0.016666666666666666": [
          0.0,
          -1.5628705024719238,
          0.0
        ],
        "0.03333333333333333": [
          0.0,
          -1.5398589372634888,
          0.0
        ],
        "0.05": [
          0.0,
          -1.502712607383728,
          0.0
        ],
        "0.06666666666666667": [
          0.0,
          -1.4522088766098022,
          0.0
        ],
        "0.08333333333333333": [
          0.0,
          -1.3890674114227295,
          0.0
        ],
        "0.1": [
          0.0,
          -1.3140629529953003,
          0.0
        ],
        "0.11666666666666667": [
          0.0,
          -1.228134036064148,
          0.0
        ],
        "0.13333333333333333": [
          0.0,
          -1.1324808597564697,
          0.0
        ],
        "0.15": [
          0.0,
          -1.0286387205123901,
          0.0
        ],
        "0.16666666666666666": [
          0.0,
          -0.9185091257095337,
          0.0
        ],
        "0.18333333333333332": [
          0.0,
          -0.8043410778045654,
          0.0
        ],
        "0.2": [
          0.0,
          -0.688647985458374,
          0.0
        ],
        "0.21666666666666667": [
          0.0,
          -0.5740780234336853,
          0.0
        ],
        "0.23333333333333334": [
          0.0,
          -0.46325919032096863,
          0.0
        ],
        "0.25": [
          0.0,
          -0.35864880681037903,
          0.0
        ],
        "0.26666666666666666": [
          0.0,
          -0.26242151856422424,
          0.0
        ],
        "0.2833333333333333": [
          0.0,
          -0.17641429603099823,
          0.0
        ],
        "0.3": [
          0.0,
          -0.10212726891040802,
          0.0
        ],
        "0.31666666666666665": [
          0.0,
          -0.040775980800390244,
          0.0
        ],
        "0.3333333333333333": [
          0.0,
          0.006623905152082443,
          0.0
        ],
        "0.35": [
          0.0,
          0.03915461525321007,
          0.0
        ],
        "0.36666666666666664": [
          0.0,
          0.05589141696691513,
          0.0
        ],
        "0.38333333333333336": [
          0.0,
          0.055803172290325165,
          0.0
        ],
        "0.4": [
          0.0,
          0.037666045129299164,
          0.0
        ],
        "0.4166666666666667": [
          0.0,
          3.576278118089249e-07,
          0.0
        ],
        "0.43333333333333335": [
          0.0,
          -0.04250134155154228,
          0.0
        ],
        "0.45": [
          0.0,
          -0.07319968938827515,
          0.0
        ],
        "0.4666666666666667": [
          0.0,
          -0.09107296168804169,
          0.0
        ],
        "0.48333333333333334": [
          0.0,
          -0.09567882865667343,
          0.0
        ],
        "0.5": [
          0.0,
          -0.08771669864654541,
          0.0
        ],
        "0.5166666666666667": [
          0.0,
          -0.06967426836490631,
          0.0
        ],
        "0.5333333333333333": [
          0.0,
          -0.04610884562134743,
          0.0
        ],
        "0.55": [
          0.0,
          -0.022996416315436363,
          0.0
        ],
        "0.5666666666666667": [
          0.0,
          -0.006197805982083082,
          0.0
        ],
        "0.5833333333333334": [
          0.0,
          3.576278118089249e-07,
          0.0
        ]
      },
      "scale": {
        "0.0": [
          1.0000001192092896,
          1.0,
          1.0000001192092896
        ],
        "0.016666666666666666": [
          1.0,
          1.0,
          1.0
        ],
        "0.03333333333333333": [
          0.9999999403953552,
          1.0,
          0.9999999403953552
        ],
        "0.05": [
          1.0,
          1.0,
          1.0
        ],
        "0.06666666666666667": [
          1.0,
          1.0,
          1.0
        ],
        "0.08333333333333333": [
          0.9999999403953552,
          1.0,
          0.9999999403953552
        ],
        "0.1": [
          1.0,
          1.0,
          1.0
        ],
        "0.11666666666666667": [
          0.9999999403953552,
          1.0,
          0.9999999403953552
        ],
        "0.13333333333333333": [
          0.9999998807907104,
          1.0,
          0.9999998807907104
        ],
        "0.15": [
          0.9999999403953552,
          1.0,
          0.9999999403953552
        ],
        "0.16666666666666666": [
          0.9999999403953552,
          1.0,
          0.9999999403953552
        ],
        "0.18333333333333332": [
          1.0,
          1.0,
          1.0
        ],