{
  "format_version": "0.2",
  "animation_length": 0.5833333333333334,
  "bones": {
    "right.door": {
      "position": {},
      "rotation": {
        "0.0": [
          0.0,
          -0.0,
          0.0
        ],
        "0.016666666666666666": [
          0.0,
          -0.004771180916577578,
          0.0
        ],
        "0.03333333333333333": [
          0.0,
          -0.01874050498008728,
          0.0
        ],
        "0.05": [
          0.0,
          -0.04148092865943909,
          0.0
        ],
        "0.06666666666666667": [
          0.0,
          -0.0726555734872818,
          0.0
        ],
        "0.08333333333333333": [
          0.0,
          -0.1119820699095726,
          0.0
        ],
        "0.1": [
          0.0,
          -0.1591968685388565,
          0.0
        ],
        "0.11666666666666667": [
          0.0,
          -0.21401897072792053,
          0.0
        ],
        "0.13333333333333333": [
          0.0,
          -0.27611276507377625,
          0.0
        ],
        "0.15": [
          0.0,
          -0.3450523912906647,
          0.0
        ],
        "0.16666666666666666": [
          0.0,
          -0.42028746008872986,
          0.0
        ],
        "0.18333333333333332": [
          0.0,
          -0.5011159181594849,
          0.0
        ],
        "0.2": [
          0.0,
          -0.5866666436195374,
          0.0
        ],
        "0.21666666666666667": [
          0.0,
          -0.6758962273597717,
          0.0
        ],
        "0.23333333333333334": [
          0.0,
          -0.767602801322937,
          0.0
        ],
        "0.25": [
          0.0,
          -0.8604579567909241,
          0.0
        ],
        "0.26666666666666666": [
          0.0,
          -0.9530550837516785,
          0.0
        ],
        "0.2833333333333333": [
          0.0,
          -1.043966293334961,
          0.0
        ],
        "0.3": [
          0.0,
          -1.13180410861969,
          0.0
        ],
        "0.31666666666666665": [
          0.0,
          -1.2152738571166992,
          0.0
        ],
        "0.3333333333333333": [
          0.0,
          -1.2932188510894775,
          0.0
        ],
        "0.35": [
          0.0,
          -1.3646409511566162,
          0.0
        ],
        "0.36666666666666664": [
          0.0,
          -1.428711175918579,
          0.0
        ],
        "0.38333333333333336": [
          0.0,
          -1.4847605228424072,
          0.0
        ],
        "0.4": [
          0.0,
          -1.532260537147522,
          0.0
        ],
        "0.4166666666666667": [
          -0.0,
          -1.5707961320877075,
          0.0
        ],
        "0.43333333333333335": [
          -0.0,
          -1.600406527519226,
          -0.0
        ],
        "0.45": [
          -0.0,
          -1.621261477470398,
          -0.0
        ],
        "0.4666666666666667": [
          -0.0,
          -1.6332069635391235,
          -0.0
        ],
        "0.48333333333333334": [
          -0.0,
          -1.6362624168395996,
          -0.0
        ],
        "0.5": [
          -0.0,
          -1.6309746503829956,
          -0.0
        ],
        "0.5166666666666667": [
          -0.0,
          -1.6188884973526,
          -0.0
        ],
        "0.5333333333333333": [
          -0.0,
          -1.6028798818588257,
          -0.0
        ],
        "0.55": [
          -0.0,
          -1.5869263410568237,
          -0.0
        ],
        "0.5666666666666667": [
          -0.0,
          -1.5751692056655884,
          -0.0
        ],
        "0.5833333333333334": [
          -0.0,
          -1.5707961320877075,
          0.0
        ]
      },
      "scale": {}
    },
    "left.door": {
      "position": {},
      "rotation": {
        "0.0": [
          0.0,
          -0.0,
          0.0
        ],
        "0.016666666666666666": [
          0.0,
          0.004771179053932428,
          0.0
        ],
        "0.03333333333333333": [
          0.0,
          0.01874077320098877,
          0.0
        ],
        "0.05": [
          0.0,
          0.041482023894786835,
          0.0
        ],
        "0.06666666666666667": [
          0.0,
          0.07265815138816833,
          0.0
        ],
        "0.08333333333333333": [
          0.0,
          0.11198683828115463,
          0.0
        ],
        "0.1": [
          0.0,
          0.15920448303222656,
          0.0
        ],
        "0.11666666666666667": [
          0.0,
          0.21402983367443085,
          0.0
        ],
        "0.13333333333333333": [
          0.0,
          0.27612730860710144,
          0.0
        ],
        "0.15": [
          0.0,
          0.34507057070732117,
          0.0
        ],
        "0.16666666666666666": [
          0.0,
          0.4203089475631714,
          0.0
        ],
        "0.18333333333333332": [
          0.0,
          0.5011401772499084,
          0.0
        ],
        "0.2": [
          0.0,
          0.5866929292678833,
          0.0
        ],
        "0.21666666666666667": [
          0.0,
          0.675923228263855,
          0.0
        ],
        "0.23333333333333334": [
          0.0,
          0.767629086971283,
          0.0
        ],
        "0.25": [
          0.0,
          0.8604827523231506,
          0.0
        ],
        "0.26666666666666666": [
          0.0,
          0.9530771374702454,
          0.0
        ],
        "0.2833333333333333": [
          0.0,
          1.04398512840271,
          0.0
        ],
        "0.3": [
          0.0,
          1.1318190097808838,
          0.0
        ],
        "0.31666666666666665": [
          0.0,
          1.215284824371338,
          0.0
        ],
        "0.3333333333333333": [
          0.0,
          1.293225646018982,
          0.0
        ],
        "0.35": [
          0.0,
          1.364643931388855,
          0.0
        ],
        "0.36666666666666664": [
          0.0,
          1.4287115335464478,
          0.0
        ],
        "0.38333333333333336": [
          0.0,
          1.4847596883773804,
          0.0
        ],
        "0.4": [
          0.0,
          1.5322600603103638,
          0.0
        ],
        "0.4166666666666667": [
          -0.0,
          1.570796251296997,
          0.0
        ],
        "0.43333333333333335": [
          -0.0,
          1.6004071235656738,
          -0.0
        ],
        "0.45": [
          -0.0,
          1.621234655380249,
          -0.0
        ],
        "0.4666666666666667": [
          -0.0,
          1.633144736289978,
          -0.0
        ],
        "0.48333333333333334": [
          -0.0,
          1.6362906694412231,
          -0.0
        ],
        "0.5": [
          -0.0,
          1.6313858032226562,
          -0.0
        ],
        "0.5166666666666667": [
          -0.0,
          1.6199736595153809,
          -0.0
        ],
        "0.5333333333333333": [
          -0.0,
          1.6045684814453125,
          -0.0
        ],
        "0.55": [
          -0.0,
          1.5885624885559082,
          -0.0
        ],
        "0.5666666666666667": [
          -0.0,
          1.5759204626083374,
          -0.0
        ],
        "0.5833333333333334": [
          -0.0,
          1.570796251296997,
          0.0
        ]
      },
      "scale": {}
    }
  }
}