{
  "format_version": "0.2",
  "animation_length": 0.6666666666666666,
  "bones": {
    "door": {
      "position": {},
      "rotation": {
        "0.0": [
          0.7071067094802856,
          2.107339724943813e-08,
          0.7071068286895752,
          -6.322026990801533e-08
        ],
        "0.016666666666666666": [
          0.7103139758110046,
          2.1105599046222778e-08,
          0.703885018825531,
          -6.331688240379663e-08
        ],
        "0.03333333333333333": [
          0.7191647291183472,
          2.1187023691027207e-08,
          0.6948396563529968,
          -6.356115989092359e-08
        ],
        "0.05": [
          0.7326539158821106,
          2.1298804497860147e-08,
          0.6806014180183411,
          -6.389650764049293e-08
        ],
        "0.06666666666666667": [
          0.7498951554298401,
          2.1425606178127055e-08,
          0.6615566611289978,
          -6.427690379950945e-08
        ],
        "0.08333333333333333": [
          0.7700578570365906,
          2.1554452445116112e-08,
          0.6379740834236145,
          -6.466344615319031e-08
        ],
        "0.1": [
          0.7923380136489868,
          2.1674271266647338e-08,
          0.6100823879241943,
          -6.502290261778398e-08
        ],
        "0.11666666666666667": [
          0.8159497380256653,
          2.1775809599944296e-08,
          0.5781228542327881,
          -6.532752649945905e-08
        ],
        "0.13333333333333333": [
          0.840131938457489,
          2.1851773723824408e-08,
          0.5423821806907654,
          -6.555539755481732e-08
        ],
        "0.15": [
          0.8641641736030579,
          2.1897012203453414e-08,
          0.5032100081443787,
          -6.569112542820221e-08
        ],
        "0.16666666666666666": [
          0.8873879909515381,
          2.190872372409558e-08,
          0.46102336049079895,
          -6.572626887191291e-08
        ],
        "0.18333333333333332": [
          0.9092277884483337,
          2.1886531698100953e-08,
          0.41629892587661743,
          -6.565968391214483e-08
        ],
        "0.2": [
          0.929207444190979,
          2.183242919784334e-08,
          0.36955857276916504,
          -6.549737463501515e-08
        ],
        "0.21666666666666667": [
          0.9469603896141052,
          2.1750569345613258e-08,
          0.32135024666786194,
          -6.525179685468174e-08
        ],
        "0.23333333333333334": [
          0.9622315168380737,
          2.1646965109312077e-08,
          0.27223262190818787,
          -6.49409841457782e-08
        ],
        "0.25": [
          0.9748713374137878,
          2.152911093844523e-08,
          0.2227686047554016,
          -6.458742518589133e-08
        ],
        "0.26666666666666666": [
          0.9848266839981079,
          2.1405666572604787e-08,
          0.17354094982147217,
          -6.421709031201317e-08
        ],
        "0.2833333333333333": [
          0.9921303987503052,
          2.1286304274781287e-08,
          0.12520882487297058,
          -6.385899808947215e-08
        ],
        "0.3": [
          0.9969010353088379,
          2.118179764920569e-08,
          0.07866542041301727,
          -6.354549242360008e-08
        ],
        "0.31666666666666665": [
          0.9993695020675659,
          2.1104920477910127e-08,
          0.035506024956703186,
          -6.331485025157235e-08
        ],
        "0.3333333333333333": [
          1.0,
          2.9802322387695312e-08,
          0.0,
          2.980232594040899e-08
        ],
        "0.35": [
          0.9996852874755859,
          2.9792946776296958e-08,
          -0.02508637122809887,
          2.9792950329010637e-08
        ],
        "0.36666666666666664": [
          0.9990374445915222,
          2.977363244838216e-08,
          -0.04386559873819351,
          2.9773636001095838e-08
        ],
        "0.38333333333333336": [
          0.9984479546546936,
          2.975606783195417e-08,
          -0.05569281801581383,
          2.9756071384667848e-08
        ],
        "0.4": [
          0.9981873631477356,
          2.9748296270781793e-08,
          -0.06018279865384102,
          2.9748299823495472e-08
        ],
        "0.4166666666666667": [
          0.9983469843864441,
          2.9753056907111386e-08,
          -0.057474132627248764,
          2.9753060459825065e-08
        ],
        "0.43333333333333335": [
          0.9988201260566711,
          2.9767155851345706e-08,
          -0.04856305569410324,
          2.9767159404059385e-08
        ],
        "0.45": [
          0.9993696212768555,
          2.9783533861404976e-08,
          -0.03550180792808533,
          2.9783537414118655e-08
        ],
        "0.4666666666666667": [
          0.9997760653495789,
          2.9795643285979168e-08,
          -0.02116469480097294,
          2.9795646838692846e-08
        ],
        "0.48333333333333334": [
          0.9999635219573975,
          2.980123881002328e-08,
          -0.008544303476810455,
          2.9801242362736957e-08
        ],
        "0.5": [
          1.0,
          2.9802322387695312e-08,
          0.0,
          2.980232594040899e-08
        ],
        "0.5166666666666667": [
          0.9999886751174927,
          2.9801986656252666e-08,
          0.004759767092764378,
          2.9801990208966345e-08
        ],
        "0.5333333333333333": [
          0.999972403049469,
          2.980149993447867e-08,
          0.007432030979543924,
          2.980150348719235e-08
        ],
        "0.55": [
          0.9999642372131348,
          2.980126012630535e-08,
          0.0084539158269763,
          2.980126367901903e-08
        ],
        "0.5666666666666667": [
          0.9999662637710571,
          2.9801313417010533e-08,
          0.008219275623559952,
          2.9801316969724212e-08
        ],
        "0.5833333333333334": [
          0.9999746680259705,
          2.9801569212395407e-08,
          0.007121633738279343,
          2.9801572765109086e-08
        ],
        "0.6": [
          0.9999850988388062,
          2.9801878298485462e-08,
          0.005462706554681063,
          2.980188185119914e-08
        ],
        "0.6166666666666667": [
          0.9999935626983643,
          2.9802130541156657e-08,
          0.0035817595198750496,
          2.9802134093870336e-08
        ],
        "0.6333333333333333": [
          0.9999983310699463,
          2.980227442606065e-08,
          0.0018181063933297992,
          2.9802277978774327e-08
        ],
        "0.65": [
          0.9999998807907104,
          2.9802322387695312e-08,
          0.0005110785132274032,
          2.980232594040899e-08
        ],
        "0.6666666666666666": [
          1.0,
          2.9802322387695312e-08,
          0.0,
          2.980232594040899e-08
        ]
      },
      "scale": {}
    }
  }
}