{
  "format_version": "0.2",
  "animation_length": 0.5,
  "bones": {
    "door": {
      "position": {},
      "rotation": {
        "0.0": [
          0.0,
          -0.0,
          0.0
        ],
        "0.016666666666666666": [
          0.0,
          0.007437273394316435,
          0.0
        ],
        "0.03333333333333333": [
          0.0,
          0.027568276971578598,
          0.0
        ],
        "0.05": [
          0.0,
          0.05822649970650673,
          0.0
        ],
        "0.06666666666666667": [
          0.0,
          0.09818794578313828,
          0.0
        ],
        "0.08333333333333333": [
          0.0,
          0.14677637815475464,
          0.0
        ],
        "0.1": [
          0.0,
          0.20363466441631317,
          0.0
        ],
        "0.11666666666666667": [
          0.0,
          0.26857277750968933,
          0.0
        ],
        "0.13333333333333333": [
          0.0,
          0.34145164489746094,
          0.0
        ],
        "0.15": [
          0.0,
          0.4220835268497467,
          0.0
        ],
        "0.16666666666666666": [
          0.0,
          0.510140061378479,
          0.0
        ],
        "0.18333333333333332": [
          0.0,
          0.6050696969032288,
          0.0
        ],
        "0.2": [
          0.0,
          0.7060319185256958,
          0.0
        ],
        "0.21666666666666667": [
          0.0,
          0.8118627667427063,
          0.0
        ],
        "0.23333333333333334": [
          0.0,
          0.9210839867591858,
          0.0
        ],
        "0.25": [
          0.0,
          1.031975269317627,
          0.0
        ],
        "0.26666666666666666": [
          0.0,
          1.1427181959152222,
          0.0
        ],
        "0.2833333333333333": [
          0.0,
          1.2516295909881592,
          0.0
        ],
        "0.3": [
          0.0,
          1.3575611114501953,
          0.0
        ],
        "0.31666666666666665": [
          0.0,
          1.4609112739562988,
          0.0
        ],
        "0.3333333333333333": [
          1.192092469182171e-07,
          1.5707961320877075,
          0.0
        ],
        "0.35": [
          -1.3053702332399553e-06,
          1.526206135749817,
          -1.4272376347435056e-06
        ],
        "0.36666666666666664": [
          -7.020288990133849e-07,
          1.4896632432937622,
          -8.26076757221017e-07
        ],
        "0.38333333333333336": [
          -5.258572741695389e-07,
          1.4642390012741089,
          -6.514238179988752e-07
        ],
        "0.4": [
          -4.7116793666646117e-07,
          1.4527853727340698,
          -5.974193868496513e-07
        ],
        "0.4166666666666667": [
          -4.897003123005561e-07,
          1.4569307565689087,
          -6.157038683340943e-07
        ],
        "0.43333333333333335": [
          -5.937476998951752e-07,
          1.4757115840911865,
          -7.186288826233067e-07
        ],
        "0.45": [
          -8.680452765474911e-07,
          1.504580020904541,
          -9.912026825986686e-07
        ],
        "0.4666666666666667": [
          -1.675749786045344e-06,
          1.5358737707138062,
          -1.797041136342159e-06
        ],
        "0.48333333333333334": [
          -5.896737093280535e-06,
          1.5607396364212036,
          -6.016546194587136e-06
        ],
        "0.5": [
          1.192092469182171e-07,
          1.5707961320877075,
          0.0
        ]
      },
      "scale": {}
    }
  }
}