{
  "format_version": "0.2",
  "animation_length": 1.1666666666666667,
  "bones": {
    "door": {
      "position": {},
      "rotation": {
        "0.0": [
          1.192092469182171e-07,
          1.5707961320877075,
          0.0
        ],
        "0.016666666666666666": [
          -6.506034424091922e-06,
          1.5617042779922485,
          -6.625427886319812e-06
        ],
        "0.03333333333333333": [
          -1.68205360751017e-06,
          1.536393642425537,
          -1.8019236449617893e-06
        ],
        "0.05": [
          -7.580779310956132e-07,
          1.497166395187378,
          -8.786440730546019e-07
        ],
        "0.06666666666666667": [
          -4.243611329002306e-07,
          1.445785403251648,
          -5.457998781821516e-07
        ],
        "0.08333333333333333": [
          -2.6514328510529594e-07,
          1.383729100227356,
          -3.876091341226129e-07
        ],
        "0.1": [
          -1.7602557988993794e-07,
          1.3123291730880737,
          -2.99664975500491e-07
        ],
        "0.11666666666666667": [
          -1.2064241161624523e-07,
          1.2328524589538574,
          -2.4560483780078357e-07
        ],
        "0.13333333333333333": [
          -8.355636538226463e-08,
          1.1465398073196411,
          -2.100030513929596e-07
        ],
        "0.15": [
          -5.727302365698961e-08,
          1.0546187162399292,
          -1.8538446511229267e-07
        ],
        "0.16666666666666666": [
          -3.777878276878255e-08,
          0.9582960605621338,
          -1.6776135680629523e-07
        ],
        "0.18333333333333332": [
          -2.275580435195934e-08,
          0.858741819858551,
          -1.5484850734992506e-07
        ],
        "0.2": [
          -1.0781437964624274e-08,
          0.7570677995681763,
          -1.4526264635605912e-07
        ],
        "0.21666666666666667": [
          -9.37044997151304e-10,
          0.6543100476264954,
          -1.3813114208005572e-07
        ],
        "0.23333333333333334": [
          7.397075840742673e-09,
          0.5514249801635742,
          -1.3288719458159903e-07
        ],
        "0.25": [
          1.4654625068999394e-08,
          0.44930702447891235,
          -1.2915576519390015e-07
        ],
        "0.26666666666666666": [
          2.1146892237311476e-08,
          0.3488481044769287,
          -1.2668658655456966e-07
        ],
        "0.2833333333333333": [
          2.7095731880422136e-08,
          0.2510765790939331,
          -1.2531151583061728e-07
        ],
        "0.3": [
          3.263859937874258e-08,
          0.15749354660511017,
          -1.2491052814311843e-07
        ],
        "0.31666666666666665": [
          3.7782374562311816e-08,
          0.07102698087692261,
          -1.253672508028103e-07
        ],
        "0.3333333333333333": [
          5.960464477539063e-08,
          -1.7763570511584873e-15,
          5.960465188081798e-08
        ],
        "0.35": [
          5.8145531056652544e-08,
          -0.050178006291389465,
          5.81455381620799e-08
        ],
        "0.36666666666666664": [
          5.7097604866385154e-08,
          -0.0877593606710434,
          5.709761197181251e-08
        ],
        "0.38333333333333336": [
          5.64555797666344e-08,
          -0.11144329607486725,
          5.645558687206176e-08
        ],
        "0.4": [
          5.621529197696873e-08,
          -0.12043837457895279,
          5.6215302635109765e-08
        ],
        "0.4166666666666667": [
          5.636002597952938e-08,
          -0.11501163989305496,
          5.63600401903841e-08
        ],
        "0.43333333333333335": [
          5.684099591007907e-08,
          -0.09716431796550751,
          5.684101012093379e-08
        ],
        "0.45": [
          5.755987331212964e-08,
          -0.07101853936910629,
          5.7559880417556997e-08
        ],
        "0.4666666666666667": [
          5.8368996747049096e-08,
          -0.04233254864811897,
          5.836901095790381e-08
        ],
        "0.48333333333333334": [
          5.909966205308592e-08,
          -0.017088813707232475,
          5.909967626394064e-08
        ],
        "0.5": [
          5.960464477539063e-08,
          -1.7763570511584873e-15,
          5.960465188081798e-08
        ],
        "0.5166666666666667": [
          5.988971452097758e-08,
          0.00951956957578659,
          5.988972162640493e-08
        ],
        "0.5333333333333333": [
          6.005095087857626e-08,
          0.014864197932183743,
          6.005095798400362e-08
        ],
        "0.55": [
          6.011285336171568e-08,
          0.016908030956983566,
          6.011286046714304e-08
        ],
        "0.5666666666666667": [
          6.009861408529105e-08,
          0.016438735648989677,
          6.009862829614576e-08
        ],
        "0.5833333333333334": [
          6.003217833949748e-08,
          0.014243385754525661,
          6.003219255035219e-08
        ],
        "0.6": [
          5.99320415517468e-08,
          0.010925467126071453,
          5.993204865717416e-08
        ],
        "0.6166666666666667": [
          5.981890183193173e-08,
          0.007163533940911293,
          5.981890893735908e-08
        ],
        "0.6333333333333333": [
          5.971321570541477e-08,
          0.0036362146493047476,
          5.971322281084213e-08
        ],
        "0.65": [
          5.963513416418209e-08,
          0.0010221571428701282,
          5.963514126960945e-08
        ],
        "0.6666666666666666": [
          5.960464477539063e-08,
          -1.7763570511584873e-15,
          5.960465188081798e-08
        ],
        "0.6833333333333333": [
          5.960464477539063e-08,
          -1.7763570511584873e-15,
          5.960465188081798e-08
        ],
        "0.7": [
          5.960464477539063e-08,
          -1.7763570511584873e-15,
          5.960465188081798e-08
        ],
        "0.7166666666666667": [
          5.960464477539063e-08,
          -1.7763570511584873e-15,
          5.960465188081798e-08
        ],
        "0.7333333333333333": [
          5.960464477539063e-08,
          -1.7763570511584873e-15,
          5.960465188081798e-08
        ],
        "0.75": [
          5.960464477539063e-08,
          -1.7763570511584873e-15,
          5.960465188081798e-08
        ],
        "0.7666666666666667": [
          5.960464477539063e-08,
          -1.7763570511584873e-15,
          5.960465188081798e-08
        ],
        "0.7833333333333333": [
          5.960464477539063e-08,
          -1.7763570511584873e-15,
          5.960465188081798e-08
        ],
        "0.8": [
          5.960464477539063e-08,
          -1.7763570511584873e-15,
          5.960465188081798e-08
        ],
        "0.8166666666666667": [
          5.960464477539063e-08,
          -1.7763570511584873e-15,
          5.960465188081798e-08
        ],
        "0.8333333333333334": [
          5.960464477539063e-08,
          -1.7763570511584873e-15,
          5.960465188081798e-08
        ],
        "0.85": [
          5.960464477539063e-08,
          -1.7763570511584873e-15,
          5.960465188081798e-08
        ],
        "0.8666666666666667": [
          5.960464477539063e-08,
          -1.7763570511584873e-15,
          5.960465188081798e-08
        ],
        "0.8833333333333333": [
          5.960464477539063e-08,
          -1.7763570511584873e-15,
          5.960465188081798e-08
        ],
        "0.9": [
          5.960464477539063e-08,
          -1.7763570511584873e-15,
          5.960465188081798e-08
        ],
        "0.9166666666666666": [
          5.960464477539063e-08,
          -1.7763570511584873e-15,
          5.960465188081798e-08
        ],
        "0.9333333333333333": [
          5.960464477539063e-08,
          -1.7763570511584873e-15,
          5.960465188081798e-08
        ],