{
  "format_version": "0.2",
  "animation_length": 0.5,
  "bones": {
    "door": {
      "position": {},
      "rotation": {
        "0.0": [
          0.0,
          0.0,
          0.0,
          1.0
        ],
        "0.016666666666666666": [
          0.0,
          0.0037186280824244022,
          0.0,
          0.999993085861206
        ],
        "0.03333333333333333": [
          0.0,
          0.013783701695501804,
          0.0,
          0.999904990196228
        ],
        "0.05": [
          0.0,
          0.02910914085805416,
          0.0,
          0.999576210975647
        ],
        "0.06666666666666667": [
          0.0,
          0.04907425493001938,
          0.0,
          0.9987951517105103
        ],
        "0.08333333333333333": [
          0.0,
          0.07332232594490051,
          0.0,
          0.9973083138465881
        ],
        "0.1": [
          0.0,
          0.10164149850606918,
          0.0,
          0.9948210716247559
        ],
        "0.11666666666666667": [
          0.0,
          0.13388316333293915,
          0.0,
          0.9909971356391907
        ],
        "0.13333333333333333": [
          0.0,
          0.16989766061306,
          0.0,
          0.9854617118835449
        ],
        "0.15": [
          0.0,
          0.20947866141796112,
          0.0,
          0.9778132438659668
        ],
        "0.16666666666666666": [
          0.0,
          0.25231316685676575,
          0.0,
          0.9676456451416016
        ],
        "0.18333333333333332": [
          0.0,
          0.2979408800601959,
          0.0,
          0.9545843601226807
        ],
        "0.2": [
          0.0,
          0.34572938084602356,
          0.0,
          0.9383342862129211
        ],
        "0.21666666666666667": [
          0.0,
          0.39487460255622864,
          0.0,
          0.9187350273132324
        ],
        "0.23333333333333334": [
          0.0,
          0.44443368911743164,
          0.0,
          0.8958117365837097
        ],
        "0.25": [
          0.0,
          0.4933941662311554,
          0.0,
          0.8698058724403381
        ],
        "0.26666666666666666": [
          0.0,
          0.5407758355140686,
          0.0,
          0.8411667943000793
        ],
        "0.2833333333333333": [
          0.0,
          0.585757851600647,
          0.0,
          0.8104861378669739
        ],
        "0.3": [
          0.0,
          0.6278443932533264,
          0.0,
          0.7783389091491699
        ],
        "0.31666666666666665": [
          0.0,
          0.6672091484069824,
          0.0,
          0.7448704242706299
        ],
        "0.3333333333333333": [
          2.107339724943813e-08,
          0.7071068286895752,
          -6.322026990801533e-08,
          0.7071067094802856
        ],
        "0.35": [
          2.1537953642791763e-08,
          0.6911673545837402,
          -6.46139426407899e-08,
          0.7226947546005249
        ],
        "0.36666666666666664": [
          2.1910699032900993e-08,
          0.6778481006622314,
          -6.573218058747443e-08,
          0.7352020144462585
        ],
        "0.38333333333333336": [
          2.216572170254949e-08,
          0.6684475541114807,
          -6.649725747820412e-08,
          0.743759274482727
        ],
        "0.4": [
          2.2279445843764734e-08,
          0.6641772985458374,
          -6.683841746735197e-08,
          0.7475751638412476
        ],
        "0.4166666666666667": [
          2.2238364039139924e-08,
          0.6657252907752991,
          -6.671520225154381e-08,
          0.7461969256401062
        ],
        "0.43333333333333335": [
          2.2051082737561956e-08,
          0.6727029085159302,
          -6.615336189952359e-08,
          0.7399126887321472
        ],
        "0.45": [
          2.175941737903031e-08,
          0.6833125352859497,
          -6.527833562586238e-08,
          0.7301260232925415
        ],
        "0.4666666666666667": [
          2.1438133046558505e-08,
          0.6946526765823364,
          -6.431449861565852e-08,
          0.7193453311920166
        ],
        "0.48333333333333334": [
          2.1179090481382445e-08,
          0.7035422325134277,
          -6.353735670927563e-08,
          0.7106534242630005
        ],
        "0.5": [
          2.107339724943813e-08,
          0.7071068286895752,
          -6.322026990801533e-08,
          0.7071067094802856
        ]
      },
      "scale": {}
    }
  }
}