{
  "format_version": "0.2",
  "animation_length": 0.5,
  "bones": {
    "handle": {
      "position": {},
      "rotation": {
        "0.0": [
          -0.6108652353286743,
          0.0,
          0.0
        ],
        "0.08333333333333333": [
          -0.7330383062362671,
          0.0,
          0.0
        ],
        "0.16666666666666666": [
          -0.6108652353286743,
          0.0,
          0.0
        ],
        "0.3333333333333333": [
          0.6981316804885864,
          0.0,
          0.0
        ],
        "0.4166666666666667": [
          0.7330383062362671,
          0.0,
          0.0
        ],
        "0.5": [
          0.6108652353286743,
          0.0,
          0.0
        ]
      },
      "scale": {}
    }
  }
}