{
  "format_version": "0.2",
  "animation_length": 0.5,
  "bones": {
    "handle": {
      "position": {},
      "rotation": {
        "0.0": [
          -0.30070579051971436,
          0.0,
          0.0,
          0.9537169933319092
        ],
        "0.08333333333333333": [
          -0.3583679795265198,
          0.0,
          0.0,
          0.9335803985595703
        ],
        "0.16666666666666666": [
          -0.30070579051971436,
          0.0,
          0.0,
          0.9537169933319092
        ],
        "0.3333333333333333": [
          0.3420201539993286,
          0.0,
          0.0,
          0.9396926760673523
        ],
        "0.4166666666666667": [
          0.3583679795265198,
          0.0,
          0.0,
          0.9335803985595703
        ],
        "0.5": [
          0.30070579051971436,
          0.0,
          0.0,
          0.9537169933319092
        ]
      },
      "scale": {}
    }
  }
}