{
  "format_version": "0.2",
  "animation_length": 0.5,
  "bones": {
    "handle": {
      "position": {},
      "rotation": {
        "0.0": [
          -0.3826834559440613,
          0.0,
          0.0,
          0.9238795638084412
        ],
        "0.08333333333333333": [
          -0.39874911308288574,
          0.0,
          0.0,
          0.9170600175857544
        ],
        "0.16666666666666666": [
          -0.3826834559440613,
          0.0,
          0.0,
          0.9238795638084412
        ],
        "0.3333333333333333": [
          0.3826834559440613,
          0.0,
          0.0,
          0.9238795638084412
        ],
        "0.4166666666666667": [
          0.39874911308288574,
          0.0,
          0.0,
          0.9170600175857544
        ],
        "0.5": [
          0.3826834559440613,
          0.0,
          0.0,
          0.9238795638084412
        ]
      },
      "scale": {}
    }
  }
}