{
  "format_version": "0.2",
  "bones": {
    "handle": {
      "transform": {
        "position": [
          0.0,
          0.0625,
          -0.0
        ],
        "rotation": [
          0.7071067690849304,
          0.0,
          0.0,
          0.7071067690849304
        ],
        "scale": [
          1.0,
          1.0,
          1.0
        ]
      }
    }
  }
}