{
  "format_version": "0.2",
  "bones": {
    "door": {
      "transform": {
        "position": [
          -0.40625,
          0.0,
          0.40625
        ],
        "rotation": [
          0.7071067690849304,
          -2.3040463759116392e-07,
          -2.3040465180201863e-07,
          0.7071067690849304
        ],
        "scale": [
          1,
          1,
          1
        ]
      }
    }
  }
}